 671W04620,3258974591,Brizzie Stanley,9734554448,29-01-1960,27-03-2020,31-12-9999,26-09-2022,27-01-2023
 671W04621,3258974592,WHITE LYNDIA,9734554449,30-01-1960,28-03-2020,31-12-9999,27-09-2022,28-01-2023
 671W04622,3258974593,BURMESTER ROY,9734554450,31-01-1960,29-03-2020,31-12-9999,28-09-2022,29-01-2023
 671W04623,3258974594,MONROE ANGELA,9734554451,01-02-1960,30-03-2020,31-12-9999,29-09-2022,30-01-2023
 671W04624,3258974595,MURPHY WENDY,9734554452,02-02-1960,31-03-2020,31-12-9999,30-09-2022,31-01-2023
 671W04625,3258974596,REDDING THELMA,9734554453,03-02-1960,01-04-2020,31-12-9999,01-10-2022,01-02-2023
 671W04626,3258974597,WILLIAMS GREGORY,9734554454,04-02-1960,02-04-2020,31-12-9999,02-10-2022,02-02-2023
 671W04627,3258974598,WEATHERSPOON YVONNE,9734554455,05-02-1960,03-04-2020,31-12-9999,03-10-2022,03-02-2023
 671W04628,3258974599,THOMPSON EPHRAIM,9734554456,06-02-1960,04-04-2020,31-12-9999,04-10-2022,04-02-2023
 671W04629,3258974600,THOMAS COLON,9734554457,07-02-1960,05-04-2020,31-12-9999,05-10-2022,05-02-2023
 671W04630,3258974601,SIMS EDWARD,9734554458,08-02-1960,06-04-2020,31-12-9999,06-10-2022,06-02-2023
 671W04631,3258974602,NAKAGOSHI DIANE,9734554459,09-02-1960,07-04-2020,31-12-9999,07-10-2022,07-02-2023
 671W04632,3258974603,JENKINS ALISHA,9734554460,10-02-1960,08-04-2020,31-12-9999,08-10-2022,08-02-2023
 671W04633,3258974604,TATE CHRISTOPHER,9734554461,11-02-1960,09-04-2020,31-12-9999,09-10-2022,09-02-2023
 671W04634,3258974605,FLOWERS NELLIE,9734554462,12-02-1960,10-04-2020,31-12-9999,10-10-2022,10-02-2023
 671W04635,3258974606,MCKNIGHT FREDDIE,9734554463,13-02-1960,11-04-2020,31-12-9999,11-10-2022,11-02-2023
 671W04636,3258974607,LAVINE PRIMUS,9734554464,14-02-1960,12-04-2020,31-12-9999,12-10-2022,12-02-2023
 671W04637,3258974608,WALKER JEFFERY,9734554465,15-02-1960,13-04-2020,31-12-9999,13-10-2022,13-02-2023
 671W04638,3258974609,JOHNSON LESLIE,9734554466,16-02-1960,14-04-2020,31-12-9999,14-10-2022,14-02-2023
 671W04639,3258974610,LEVENGOOD DONALD,9734554467,17-02-1960,15-04-2020,31-12-9999,15-10-2022,15-02-2023
 671W04640,3258974611,HAYNES DEBORAH,9734554468,18-02-1960,16-04-2020,31-12-9999,16-10-2022,16-02-2023
 671W04641,3258974612,LONG CATHY,9734554469,19-02-1960,17-04-2020,31-12-9999,17-10-2022,17-02-2023
 671W04642,3258974613,LYNN CHARLES,9734554470,20-02-1960,18-04-2020,31-12-9999,18-10-2022,18-02-2023
 671W04643,3258974614,FRAZIER SANDRA,9734554471,21-02-1960,19-04-2020,31-12-9999,19-10-2022,19-02-2023
 671W04644,3258974615,MACCORMACK MADALYN,9734554472,22-02-1960,20-04-2020,31-12-9999,20-10-2022,20-02-2023
 671W04645,3258974616,FRANKLIN MARY,9734554473,23-02-1960,21-04-2020,31-12-9999,21-10-2022,21-02-2023
 671W04646,3258974617,HENSON KEVIN,9734554474,24-02-1960,22-04-2020,31-12-9999,22-10-2022,22-02-2023
 671W04647,3258974618,Scott Lesvia,9734554475,25-02-1960,23-04-2020,31-12-9999,23-10-2022,23-02-2023
 671W04648,3258974619,ROBERTS TAMMY,9734554476,26-02-1960,24-04-2020,31-12-9999,24-10-2022,24-02-2023
 671W04649,3258974620,SUMMERALL APRIL,9734554477,27-02-1960,25-04-2020,31-12-9999,25-10-2022,25-02-2023
 671W04650,3258974621,CLIFTON BARBARA,9734554478,28-02-1960,26-04-2020,31-12-9999,26-10-2022,26-02-2023
 671W04651,3258974622,Emeghara Alecia,9734554479,29-02-1960,27-04-2020,31-12-9999,27-10-2022,27-02-2023
 671W04652,3258974623,BUNCH NETTLES DEBRA,9734554480,01-03-1960,28-04-2020,31-12-9999,28-10-2022,28-02-2023
 671W04653,3258974624,WALLACE JAMES,9734554481,02-03-1960,29-04-2020,31-12-9999,29-10-2022,01-03-2023
 671W04654,3258974625,JARRELL OPAL,9734554482,03-03-1960,30-04-2020,31-12-9999,30-10-2022,02-03-2023
 671W04655,3258974626,CHEN BENJI,9734554483,04-03-1960,01-05-2020,31-12-9999,31-10-2022,03-03-2023
 671W04656,3258974627,SWANK HELEN,9734554484,05-03-1960,02-05-2020,31-12-9999,01-11-2022,04-03-2023
 671W04657,3258974628,DUBE SCOTT,9734554485,06-03-1960,03-05-2020,31-12-9999,02-11-2022,05-03-2023
 671W04658,3258974629,BROWN PEGGY,9734554486,07-03-1960,04-05-2020,31-12-9999,03-11-2022,06-03-2023
 671W04659,3258974630,TODOROV GEORGI,9734554487,08-03-1960,05-05-2020,31-12-9999,04-11-2022,07-03-2023
 671W04660,3258974631,JOHNSON DEBORAH,9734554488,09-03-1960,06-05-2020,31-12-9999,05-11-2022,08-03-2023
 671W04661,3258974632,FLORIAN STEPHANIE,9734554489,10-03-1960,07-05-2020,31-12-9999,06-11-2022,09-03-2023
 671W04662,3258974633,Simmons Eva,9734554490,11-03-1960,08-05-2020,31-12-9999,07-11-2022,10-03-2023
 671W04663,3258974634,BARCUS JANE,9734554491,12-03-1960,09-05-2020,31-12-9999,08-11-2022,11-03-2023
 671W04664,3258974635,NIGRO ROBIN,9734554492,13-03-1960,10-05-2020,31-12-9999,09-11-2022,12-03-2023
 671W04665,3258974636,BECKLER CHARLENE,9734554493,14-03-1960,11-05-2020,31-12-9999,10-11-2022,13-03-2023
 671W04666,3258974637,PERRY JAMIE,9734554494,15-03-1960,12-05-2020,31-12-9999,11-11-2022,14-03-2023
 671W04667,3258974638,Kheav Hoeun,9734554495,16-03-1960,13-05-2020,31-12-9999,12-11-2022,15-03-2023
 671W04668,3258974639,MACK KARRETTA,9734554496,17-03-1960,14-05-2020,31-12-9999,13-11-2022,16-03-2023
 671W04669,3258974640,TAYLOR JAMES,9734554497,18-03-1960,15-05-2020,31-12-9999,14-11-2022,17-03-2023
 671W04670,3258974641,EVANS BACON DEBBIE,9734554498,19-03-1960,16-05-2020,31-12-9999,15-11-2022,18-03-2023
 671W04671,3258974642,MURRAY DARRELL,9734554499,20-03-1960,17-05-2020,31-12-9999,16-11-2022,19-03-2023
 671W04672,3258974643,BAKER WILLIE,9734554500,21-03-1960,18-05-2020,31-12-9999,17-11-2022,20-03-2023
 671W04673,3258974644,HIGH NICHOLE,9734554501,22-03-1960,19-05-2020,31-12-9999,18-11-2022,21-03-2023
 671W04674,3258974645,HASTICK BARBARA,9734554502,23-03-1960,20-05-2020,31-12-9999,19-11-2022,22-03-2023
 671W04675,3258974646,YOUNG CARLOS,9734554503,24-03-1960,21-05-2020,31-12-9999,20-11-2022,23-03-2023
 671W04676,3258974647,RODRIGUEZ AMALIA,9734554504,25-03-1960,22-05-2020,31-12-9999,21-11-2022,24-03-2023
 671W04677,3258974648,VONGVIRAT PHENHVANH,9734554505,26-03-1960,23-05-2020,31-12-9999,22-11-2022,25-03-2023
 671W04678,3258974649,PEPITONE JANICE,9734554506,27-03-1960,24-05-2020,31-12-9999,23-11-2022,26-03-2023
 671W04679,3258974650,Wilson Andrew,9734554507,28-03-1960,25-05-2020,31-12-9999,24-11-2022,27-03-2023
 671W04680,3258974651,BARRETT MARTIN,9734554508,29-03-1960,26-05-2020,31-12-9999,25-11-2022,28-03-2023
 671W04681,3258974652,NETTLES LORI,9734554509,30-03-1960,27-05-2020,31-12-9999,26-11-2022,29-03-2023
 671W04682,3258974653,STEWART YOLANDA,9734554510,31-03-1960,28-05-2020,31-12-9999,27-11-2022,30-03-2023
 671W04683,3258974654,Lake Angela,9734554511,01-04-1960,29-05-2020,31-12-9999,28-11-2022,31-03-2023
 671W04684,3258974655,HINES TIMOTHY,9734554512,02-04-1960,30-05-2020,31-12-9999,29-11-2022,01-04-2023
 671W04685,3258974656,GOOLSBY JENNIFER,9734554513,03-04-1960,31-05-2020,31-12-9999,30-11-2022,02-04-2023
 671W04686,3258974657,Bridgemohan Sirbandia,9734554514,04-04-1960,01-06-2020,31-12-9999,01-12-2022,03-04-2023
 671W04687,3258974658,Anthony Pearlie,9734554515,05-04-1960,02-06-2020,31-12-9999,02-12-2022,04-04-2023
 671W04688,3258974659,CRESPO YVETTE,9734554516,06-04-1960,03-06-2020,31-12-9999,03-12-2022,05-04-2023
 671W04689,3258974660,JACKSON EDDIE,9734554517,07-04-1960,04-06-2020,31-12-9999,04-12-2022,06-04-2023
 671W04690,3258974661,STEPHENS MARY,9734554518,08-04-1960,05-06-2020,31-12-9999,05-12-2022,07-04-2023
 671W04691,3258974662,BURNEY RICHARD,9734554519,09-04-1960,06-06-2020,31-12-9999,06-12-2022,08-04-2023
 671W04692,3258974663,DIBENEDETTO ORLANDO,9734554520,10-04-1960,07-06-2020,31-12-9999,07-12-2022,09-04-2023
 671W04693,3258974664,Lachall Edward,9734554521,11-04-1960,08-06-2020,31-12-9999,08-12-2022,10-04-2023
